{
    "Daily": {
        "Calories": 2861,
        "Protein (g)": 107.2875,
        "Fat (g)": 110.63462753972836,
        "Carbs (g)": 359.03458803561114
    },
    "Weekly": {
        "Calories": 20027,
        "Protein (g)": 751.0124999999999,
        "Fat (g)": 774.4423927780986,
        "Carbs (g)": 2513.242116249278
    }
}